,Country,Reactor,Type,Status,Year,Electricity Supplied [GW.h],Annual Time On Line [h],Source
0,UNITED STATES OF AMERICA,RIVER BEND-1,BWR,Operational,1985,22.56,180.0,https://pris.iaea.org/PRIS/CountryStatistics/ReactorDetails.aspx?current=739
1,UNITED STATES OF AMERICA,RIVER BEND-1,BWR,Operational,1986,2995.44,4221.0,https://pris.iaea.org/PRIS/CountryStatistics/ReactorDetails.aspx?current=739
2,UNITED STATES OF AMERICA,RIVER BEND-1,BWR,Operational,1987,4964.44,5836.0,https://pris.iaea.org/PRIS/CountryStatistics/ReactorDetails.aspx?current=739
3,UNITED STATES OF AMERICA,RIVER BEND-1,BWR,Operational,1988,7248.98,8149.0,https://pris.iaea.org/PRIS/CountryStatistics/ReactorDetails.aspx?current=739
4,UNITED STATES OF AMERICA,RIVER BEND-1,BWR,Operational,1989,4785.01,5853.0,https://pris.iaea.org/PRIS/CountryStatistics/ReactorDetails.aspx?current=739
5,UNITED STATES OF AMERICA,RIVER BEND-1,BWR,Operational,1990,5592.55,6642.0,https://pris.iaea.org/PRIS/CountryStatistics/ReactorDetails.aspx?current=739
6,UNITED STATES OF AMERICA,RIVER BEND-1,BWR,Operational,1991,6687.2,7507.0,https://pris.iaea.org/PRIS/CountryStatistics/ReactorDetails.aspx?current=739
7,UNITED STATES OF AMERICA,RIVER BEND-1,BWR,Operational,1992,2762.68,3210.0,https://pris.iaea.org/PRIS/CountryStatistics/ReactorDetails.aspx?current=739
8,UNITED STATES OF AMERICA,RIVER BEND-1,BWR,Operational,1993,5257.87,6076.0,https://pris.iaea.org/PRIS/CountryStatistics/ReactorDetails.aspx?current=739
9,UNITED STATES OF AMERICA,RIVER BEND-1,BWR,Operational,1994,4886.23,5455.0,https://pris.iaea.org/PRIS/CountryStatistics/ReactorDetails.aspx?current=739
10,UNITED STATES OF AMERICA,RIVER BEND-1,BWR,Operational,1995,7930.81,8704.0,https://pris.iaea.org/PRIS/CountryStatistics/ReactorDetails.aspx?current=739
11,UNITED STATES OF AMERICA,RIVER BEND-1,BWR,Operational,1996,6860.33,7391.0,https://pris.iaea.org/PRIS/CountryStatistics/ReactorDetails.aspx?current=739
12,UNITED STATES OF AMERICA,RIVER BEND-1,BWR,Operational,1997,6822.66,7427.0,https://pris.iaea.org/PRIS/CountryStatistics/ReactorDetails.aspx?current=739
13,UNITED STATES OF AMERICA,RIVER BEND-1,BWR,Operational,1998,7833.5,8404.0,https://pris.iaea.org/PRIS/CountryStatistics/ReactorDetails.aspx?current=739
14,UNITED STATES OF AMERICA,RIVER BEND-1,BWR,Operational,1999,5704.78,6476.0,https://pris.iaea.org/PRIS/CountryStatistics/ReactorDetails.aspx?current=739
15,UNITED STATES OF AMERICA,RIVER BEND-1,BWR,Operational,2000,7352.74,7795.0,https://pris.iaea.org/PRIS/CountryStatistics/ReactorDetails.aspx?current=739
16,UNITED STATES OF AMERICA,RIVER BEND-1,BWR,Operational,2001,7811.78,8120.0,https://pris.iaea.org/PRIS/CountryStatistics/ReactorDetails.aspx?current=739
17,UNITED STATES OF AMERICA,RIVER BEND-1,BWR,Operational,2002,8472.43,8579.0,https://pris.iaea.org/PRIS/CountryStatistics/ReactorDetails.aspx?current=739
18,UNITED STATES OF AMERICA,RIVER BEND-1,BWR,Operational,2003,7653.23,8050.0,https://pris.iaea.org/PRIS/CountryStatistics/ReactorDetails.aspx?current=739
19,UNITED STATES OF AMERICA,RIVER BEND-1,BWR,Operational,2004,7427.37,7758.0,https://pris.iaea.org/PRIS/CountryStatistics/ReactorDetails.aspx?current=739
20,UNITED STATES OF AMERICA,RIVER BEND-1,BWR,Operational,2005,7822.48,8162.0,https://pris.iaea.org/PRIS/CountryStatistics/ReactorDetails.aspx?current=739
21,UNITED STATES OF AMERICA,RIVER BEND-1,BWR,Operational,2006,7478.26,7921.0,https://pris.iaea.org/PRIS/CountryStatistics/ReactorDetails.aspx?current=739
22,UNITED STATES OF AMERICA,RIVER BEND-1,BWR,Operational,2007,7184.57,7916.0,https://pris.iaea.org/PRIS/CountryStatistics/ReactorDetails.aspx?current=739
23,UNITED STATES OF AMERICA,RIVER BEND-1,BWR,Operational,2008,6366.63,6771.0,https://pris.iaea.org/PRIS/CountryStatistics/ReactorDetails.aspx?current=739
24,UNITED STATES OF AMERICA,RIVER BEND-1,BWR,Operational,2009,7833.37,8085.0,https://pris.iaea.org/PRIS/CountryStatistics/ReactorDetails.aspx?current=739
25,UNITED STATES OF AMERICA,RIVER BEND-1,BWR,Operational,2010,8363.16,8642.0,https://pris.iaea.org/PRIS/CountryStatistics/ReactorDetails.aspx?current=739
26,UNITED STATES OF AMERICA,RIVER BEND-1,BWR,Operational,2011,7696.44,7988.0,https://pris.iaea.org/PRIS/CountryStatistics/ReactorDetails.aspx?current=739
27,UNITED STATES OF AMERICA,RIVER BEND-1,BWR,Operational,2012,7819.86,8172.0,https://pris.iaea.org/PRIS/CountryStatistics/ReactorDetails.aspx?current=739
28,UNITED STATES OF AMERICA,RIVER BEND-1,BWR,Operational,2013,7599.84,7898.0,https://pris.iaea.org/PRIS/CountryStatistics/ReactorDetails.aspx?current=739
29,UNITED STATES OF AMERICA,RIVER BEND-1,BWR,Operational,2014,8197.47,8525.0,https://pris.iaea.org/PRIS/CountryStatistics/ReactorDetails.aspx?current=739
30,UNITED STATES OF AMERICA,RIVER BEND-1,BWR,Operational,2015,6934.81,7556.0,https://pris.iaea.org/PRIS/CountryStatistics/ReactorDetails.aspx?current=739
31,UNITED STATES OF AMERICA,RIVER BEND-1,BWR,Operational,2016,7108.86,7501.0,https://pris.iaea.org/PRIS/CountryStatistics/ReactorDetails.aspx?current=739
32,UNITED STATES OF AMERICA,RIVER BEND-1,BWR,Operational,2017,7047.56,7586.0,https://pris.iaea.org/PRIS/CountryStatistics/ReactorDetails.aspx?current=739
33,UNITED STATES OF AMERICA,RIVER BEND-1,BWR,Operational,2018,7045.93,7650.0,https://pris.iaea.org/PRIS/CountryStatistics/ReactorDetails.aspx?current=739
34,UNITED STATES OF AMERICA,RIVER BEND-1,BWR,Operational,2019,6574.77,7448.0,https://pris.iaea.org/PRIS/CountryStatistics/ReactorDetails.aspx?current=739
35,UNITED STATES OF AMERICA,RIVER BEND-1,BWR,Operational,2020,7988.37,8467.0,https://pris.iaea.org/PRIS/CountryStatistics/ReactorDetails.aspx?current=739
36,UNITED STATES OF AMERICA,RIVER BEND-1,BWR,Operational,2021,7381.59,7933.0,https://pris.iaea.org/PRIS/CountryStatistics/ReactorDetails.aspx?current=739
37,UNITED STATES OF AMERICA,RIVER BEND-1,BWR,Operational,2022,8321.81,8760.0,https://pris.iaea.org/PRIS/CountryStatistics/ReactorDetails.aspx?current=739
38,UNITED STATES OF AMERICA,RIVER BEND-1,BWR,Operational,2023,4398.62,5196.0,https://pris.iaea.org/PRIS/CountryStatistics/ReactorDetails.aspx?current=739
39,UNITED STATES OF AMERICA,RIVER BEND-1,BWR,Operational,2024,8495.31,8784.0,https://pris.iaea.org/PRIS/CountryStatistics/ReactorDetails.aspx?current=739
